id,name,email,phone,address,created_at
31,Michelle Miles,lrobinson@example.com,3268542351,"{""street"": ""43321 Brittany Bypass"", ""city"": ""North Jefferyhaven"", ""state"": ""Rhode Island"", ""postalCode"": ""03979"", ""country"": ""United States""}",2024-10-31T05:55:56
32,Dylan Miller,michellejames@example.com,+1-952-855-3419x2832,"{""street"": ""9407 Teresa Lane Apt. 849"", ""city"": ""Barbaraland"", ""state"": ""Arizona"", ""postalCode"": ""87174"", ""country"": ""United States""}",2025-03-14T19:12:01
33,Jonathan Wilkerson,ithomas@example.org,001-388-249-6965x3287,"{""street"": ""503 Linda Locks"", ""city"": ""Carlshire"", ""state"": ""Virginia"", ""postalCode"": ""41746"", ""country"": ""United States""}",2026-06-16T23:07:48
34,Stephen Potter,daniel62@example.com,5484281489,"{""street"": ""26916 Carlson Mountain"", ""city"": ""Tashatown"", ""state"": ""Utah"", ""postalCode"": ""94967"", ""country"": ""United States""}",2025-06-03T13:16:03
35,Keith Miller,wcabrera@example.net,001-822-778-2489x63834,"{""street"": ""809 Burns Creek"", ""city"": ""Natashaport"", ""state"": ""Kansas"", ""postalCode"": ""08093"", ""country"": ""United States""}",2025-07-23T09:47:08
36,Cindy Anderson,esanchez@example.com,311.265.6670,"{""street"": ""33150 Brianna Avenue Apt. 031"", ""city"": ""Port Markhaven"", ""state"": ""Kansas"", ""postalCode"": ""37001"", ""country"": ""United States""}",2025-06-25T20:24:46
37,Sarah Martin,zolson@example.org,(960)464-7468,"{""street"": ""33387 Robert Harbors Suite 317"", ""city"": ""North Deniseside"", ""state"": ""Alabama"", ""postalCode"": ""12725"", ""country"": ""United States""}",2025-01-11T14:57:40
38,Todd Hudson,harveyrobert@example.net,001-485-643-5346,"{""street"": ""09805 Brendan Neck Apt. 081"", ""city"": ""North Brooke"", ""state"": ""Utah"", ""postalCode"": ""31329"", ""country"": ""United States""}",2025-08-07T06:17:31
39,Lisa Archer,contrerasangela@example.net,524-711-8244,"{""street"": ""07991 Amanda Parkways Suite 251"", ""city"": ""West Justin"", ""state"": ""New Hampshire"", ""postalCode"": ""71701"", ""country"": ""United States""}",2025-01-22T06:20:14
40,Michael Hoffman,jonesnicole@example.org,+1-605-798-2620,"{""street"": ""740 Cynthia Village Suite 005"", ""city"": ""Lake Tina"", ""state"": ""Hawaii"", ""postalCode"": ""97655"", ""country"": ""United States""}",2026-07-16T09:14:16
41,Norman Cook,vpham@example.org,521-260-7337x543,"{""street"": ""3315 Dickson Summit"", ""city"": ""East Michelle"", ""state"": ""Idaho"", ""postalCode"": ""54541"", ""country"": ""United States""}",2026-01-11T18:55:07
42,Victoria Johnson,yreed@example.com,(798)816-9340x60883,"{""street"": ""5414 May Locks"", ""city"": ""Sheilaville"", ""state"": ""Kentucky"", ""postalCode"": ""23906"", ""country"": ""United States""}",2024-10-10T11:24:52
43,Carrie Carroll,akelley@example.com,336-699-5777x3872,"{""street"": ""514 Estrada Islands Suite 482"", ""city"": ""South Elizabeth"", ""state"": ""Missouri"", ""postalCode"": ""89278"", ""country"": ""United States""}",2025-09-21T11:43:48
44,Matthew Smith,osbornejeffery@example.net,870.983.1727x88957,"{""street"": ""34332 Brandon Mountains Apt. 769"", ""city"": ""Lake Heather"", ""state"": ""New York"", ""postalCode"": ""52884"", ""country"": ""United States""}",2026-07-15T00:10:46
45,Cynthia Rogers,taylorjesse@example.net,(231)566-5876,"{""street"": ""774 Mary Harbor"", ""city"": ""Simsview"", ""state"": ""New Hampshire"", ""postalCode"": ""10656"", ""country"": ""United States""}",2026-05-26T01:13:30
46,George Shelton,dramsey@example.org,+1-280-669-9016x272,"{""street"": ""9096 Smith Knoll Suite 668"", ""city"": ""South Jeffrey"", ""state"": ""Nevada"", ""postalCode"": ""64155"", ""country"": ""United States""}",2025-06-07T14:00:59
47,Andre Wright,howelljohn@example.com,+1-219-637-4529x91241,"{""street"": ""75564 King Common Suite 080"", ""city"": ""Jeffreyland"", ""state"": ""Wyoming"", ""postalCode"": ""85927"", ""country"": ""United States""}",2025-11-07T08:38:14
48,Samuel Short,hamiltonmichael@example.com,001-626-728-4987x769,"{""street"": ""3193 Heidi Hollow Apt. 905"", ""city"": ""Stanleyland"", ""state"": ""North Carolina"", ""postalCode"": ""85375"", ""country"": ""United States""}",2026-06-09T16:05:32
49,Spencer Haynes,angela83@example.org,367.683.7770,"{""street"": ""47379 Rogers Park"", ""city"": ""Hunterborough"", ""state"": ""Minnesota"", ""postalCode"": ""34363"", ""country"": ""United States""}",2025-02-05T05:51:52
50,Nathan Stewart,jamesrodgers@example.com,001-498-694-1343x5240,"{""street"": ""349 Kennedy Pines Suite 685"", ""city"": ""Jacquelineview"", ""state"": ""Maryland"", ""postalCode"": ""33452"", ""country"": ""United States""}",2024-09-21T11:28:56
51,Dawn Hensley,shortrichard@example.org,001-802-529-4131,"{""street"": ""427 Monique Ports"", ""city"": ""Taylormouth"", ""state"": ""Michigan"", ""postalCode"": ""24665"", ""country"": ""United States""}",2026-04-11T14:59:02
52,Jerry Wheeler,antonio44@example.net,413.349.3618x324,"{""street"": ""7496 Carroll Circle Apt. 334"", ""city"": ""East Johnside"", ""state"": ""California"", ""postalCode"": ""21018"", ""country"": ""United States""}",2024-10-02T10:44:31
53,Kyle Preston,cassandra01@example.org,+1-899-904-9027x87429,"{""street"": ""9947 Taylor Hollow"", ""city"": ""Benderhaven"", ""state"": ""Ohio"", ""postalCode"": ""65223"", ""country"": ""United States""}",2024-10-26T23:53:24
54,Jennifer Robertson,sandovalamy@example.com,6384597703,"{""street"": ""6551 Mark Square Suite 468"", ""city"": ""South Christopherview"", ""state"": ""Massachusetts"", ""postalCode"": ""15695"", ""country"": ""United States""}",2026-08-07T16:04:55
55,Brittany Cantu,william46@example.com,737.682.6398x2146,"{""street"": ""7109 Jennifer Inlet Apt. 861"", ""city"": ""Port Robin"", ""state"": ""New Jersey"", ""postalCode"": ""15897"", ""country"": ""United States""}",2026-05-16T11:09:33
56,Sheila Pollard,ashleyhall@example.com,7573662702,"{""street"": ""4997 Sean Orchard"", ""city"": ""Martinside"", ""state"": ""Missouri"", ""postalCode"": ""60183"", ""country"": ""United States""}",2026-06-27T03:05:52
57,Stacy Freeman,williamsonjimmy@example.net,631-761-1724x0050,"{""street"": ""87026 Charles Tunnel Suite 596"", ""city"": ""Port Markside"", ""state"": ""Missouri"", ""postalCode"": ""42006"", ""country"": ""United States""}",2025-06-04T06:33:09
58,Adam Ballard,erica21@example.com,(894)764-7436x713,"{""street"": ""38692 Gregory Ridge Suite 937"", ""city"": ""East Steven"", ""state"": ""Kentucky"", ""postalCode"": ""60737"", ""country"": ""United States""}",2025-11-06T14:16:45
59,David Campos,courtneyberger@example.net,7478095214,"{""street"": ""406 Smith Way Apt. 974"", ""city"": ""New Laurie"", ""state"": ""Iowa"", ""postalCode"": ""83943"", ""country"": ""United States""}",2024-12-31T13:10:35
60,Julie Jones,michelleramsey@example.com,+1-751-660-4817,"{""street"": ""85884 Jonathan Views"", ""city"": ""Coffeyport"", ""state"": ""West Virginia"", ""postalCode"": ""44897"", ""country"": ""United States""}",2025-11-14T03:59:53
61,Andrew Johnson,pwilson@example.net,(367)958-6926,"{""street"": ""513 Johnson Points Suite 931"", ""city"": ""Blankenshipport"", ""state"": ""Tennessee"", ""postalCode"": ""54017"", ""country"": ""United States""}",2025-12-08T07:35:50
62,Samantha Davis,darleneharper@example.org,5535293183,"{""street"": ""0537 Sampson Walk Suite 158"", ""city"": ""Bruceview"", ""state"": ""Illinois"", ""postalCode"": ""16512"", ""country"": ""United States""}",2025-04-29T07:48:08
63,Richard Young,alfred40@example.org,001-568-211-7758x9178,"{""street"": ""042 Amber Union"", ""city"": ""North Donna"", ""state"": ""Alaska"", ""postalCode"": ""17776"", ""country"": ""United States""}",2026-03-04T23:48:01
64,Michelle James,shawn96@example.org,001-318-736-7365x766,"{""street"": ""0076 Parks Overpass Suite 115"", ""city"": ""North David"", ""state"": ""South Carolina"", ""postalCode"": ""83479"", ""country"": ""United States""}",2025-07-14T14:27:57
65,Kristina Santiago,qgomez@example.com,001-304-794-5198x3273,"{""street"": ""452 Jones Village Apt. 161"", ""city"": ""Lisaside"", ""state"": ""Arkansas"", ""postalCode"": ""77370"", ""country"": ""United States""}",2026-06-04T17:54:39
66,Kylie Morales,joycebonilla@example.org,001-383-266-7525x4599,"{""street"": ""49368 Chelsea Shoals Suite 024"", ""city"": ""Sandrastad"", ""state"": ""Alabama"", ""postalCode"": ""24278"", ""country"": ""United States""}",2024-12-15T23:13:40
67,Jeffrey Campbell,trose@example.org,669.600.3432,"{""street"": ""014 Stanley Oval"", ""city"": ""Perryborough"", ""state"": ""Wisconsin"", ""postalCode"": ""67655"", ""country"": ""United States""}",2025-04-28T23:39:08
68,Blake Edwards,tberry@example.net,(841)860-5297x51613,"{""street"": ""76226 Vincent Village"", ""city"": ""Charleston"", ""state"": ""Nevada"", ""postalCode"": ""02957"", ""country"": ""United States""}",2025-09-28T02:22:41
69,Maria Hernandez,thomasjames@example.net,(712)777-9979,"{""street"": ""4535 Charles Roads"", ""city"": ""New Williamstad"", ""state"": ""Minnesota"", ""postalCode"": ""95840"", ""country"": ""United States""}",2024-12-12T09:03:29
70,Katie Ford,colelisa@example.net,759.378.2071,"{""street"": ""77449 Michael Cliffs Suite 770"", ""city"": ""West Marieland"", ""state"": ""Tennessee"", ""postalCode"": ""12336"", ""country"": ""United States""}",2025-09-13T00:29:00
71,Mark Cook,cody64@example.com,001-692-851-9254x6291,"{""street"": ""37788 Michael Haven"", ""city"": ""Ortizmouth"", ""state"": ""Utah"", ""postalCode"": ""78867"", ""country"": ""United States""}",2025-12-29T22:35:31
72,Kimberly Rodgers,stanleynancy@example.net,(296)822-2927,"{""street"": ""81685 Michael Falls Apt. 573"", ""city"": ""East Eric"", ""state"": ""Maine"", ""postalCode"": ""13757"", ""country"": ""United States""}",2025-05-27T02:02:29
73,Victoria Murray,kimberly88@example.com,(339)324-0758,"{""street"": ""9473 Kyle Valleys"", ""city"": ""Mckeeborough"", ""state"": ""Mississippi"", ""postalCode"": ""89408"", ""country"": ""United States""}",2025-03-26T12:58:05
74,James Hughes,brooksanthony@example.org,001-352-220-4727x790,"{""street"": ""47826 Stacey Forges"", ""city"": ""Wilkersontown"", ""state"": ""Nebraska"", ""postalCode"": ""07481"", ""country"": ""United States""}",2025-03-03T21:46:34
75,Kathryn Herrera,jennifercarter@example.org,+1-253-896-2185x188,"{""street"": ""89861 Young Crossing"", ""city"": ""East Robertmouth"", ""state"": ""California"", ""postalCode"": ""15031"", ""country"": ""United States""}",2026-06-26T11:05:10
76,Michael Welch,bryanparsons@example.com,8439030548,"{""street"": ""65405 Michael Street Apt. 952"", ""city"": ""West Amyburgh"", ""state"": ""Wyoming"", ""postalCode"": ""90243"", ""country"": ""United States""}",2025-03-01T21:07:09
77,Stephanie Hughes,tylerjimenez@example.net,716-616-9284x511,"{""street"": ""345 Michelle Isle"", ""city"": ""Davidstad"", ""state"": ""Nevada"", ""postalCode"": ""52932"", ""country"": ""United States""}",2025-04-12T04:30:18
78,Meghan Cisneros,melindagregory@example.com,4219355690,"{""street"": ""627 West Stream Suite 964"", ""city"": ""North Emilyfurt"", ""state"": ""Mississippi"", ""postalCode"": ""67752"", ""country"": ""United States""}",2025-06-01T06:17:16
79,David Griffin,heather73@example.org,(617)627-1551,"{""street"": ""1928 Sanders Run Suite 310"", ""city"": ""South April"", ""state"": ""Oklahoma"", ""postalCode"": ""15936"", ""country"": ""United States""}",2026-06-09T09:32:50
80,Jackie Lara,cherylmiller@example.com,(778)466-9125x1778,"{""street"": ""258 David Flats"", ""city"": ""East Kristy"", ""state"": ""Alaska"", ""postalCode"": ""47804"", ""country"": ""United States""}",2026-06-30T01:22:18
81,Sarah King,david49@example.net,782-299-2299,"{""street"": ""68018 Kevin Estates"", ""city"": ""Sarahbury"", ""state"": ""Minnesota"", ""postalCode"": ""68513"", ""country"": ""United States""}",2026-05-20T02:31:38
82,Karen Ballard,eevans@example.net,4277677359,"{""street"": ""09439 Montgomery Burgs"", ""city"": ""Smallside"", ""state"": ""Maine"", ""postalCode"": ""84637"", ""country"": ""United States""}",2026-06-17T06:15:14
83,James Gilbert,sydneybarrera@example.com,001-953-227-8774,"{""street"": ""562 Robertson Coves Suite 371"", ""city"": ""Shannonberg"", ""state"": ""Connecticut"", ""postalCode"": ""07133"", ""country"": ""United States""}",2024-10-26T01:38:42
84,Jamie Williams,hudsonjames@example.net,716-787-8499x1216,"{""street"": ""733 Williams Haven Suite 974"", ""city"": ""Port Danielberg"", ""state"": ""Kentucky"", ""postalCode"": ""95856"", ""country"": ""United States""}",2025-10-24T09:44:50
85,Emily Long,brittney88@example.net,994.670.5516x9409,"{""street"": ""39868 Brandon Dam Suite 787"", ""city"": ""New Patricia"", ""state"": ""Florida"", ""postalCode"": ""43488"", ""country"": ""United States""}",2026-01-08T08:06:35
86,Ashley Smith,robert63@example.com,997.702.8385x78652,"{""street"": ""097 Alexandria Stravenue"", ""city"": ""Hernandezbury"", ""state"": ""Arizona"", ""postalCode"": ""75548"", ""country"": ""United States""}",2025-10-15T10:16:45
87,Timothy Pope,keith98@example.com,(652)640-4157x4733,"{""street"": ""497 Susan Harbors Suite 344"", ""city"": ""Lake Janet"", ""state"": ""Massachusetts"", ""postalCode"": ""63389"", ""country"": ""United States""}",2024-12-01T17:57:42
88,John Maldonado,adampierce@example.org,(877)434-5401x93802,"{""street"": ""933 Elizabeth Pines"", ""city"": ""Lake Jesse"", ""state"": ""Connecticut"", ""postalCode"": ""54673"", ""country"": ""United States""}",2026-08-12T12:35:15
89,Brandi Gordon,james15@example.org,001-774-320-5493x2966,"{""street"": ""7240 Kenneth Rapids"", ""city"": ""West Justinside"", ""state"": ""North Dakota"", ""postalCode"": ""65239"", ""country"": ""United States""}",2025-06-24T11:04:53
90,Deborah Ward,bryanwilson@example.com,(568)441-4593,"{""street"": ""27530 Reyes Mission"", ""city"": ""Stephanieport"", ""state"": ""Pennsylvania"", ""postalCode"": ""95250"", ""country"": ""United States""}",2025-08-23T12:57:54
91,Angela Griffin,christian91@example.org,+1-983-398-2258,"{""street"": ""9568 Todd Unions"", ""city"": ""Port John"", ""state"": ""Wisconsin"", ""postalCode"": ""78595"", ""country"": ""United States""}",2026-01-27T12:37:50
92,Megan Parker,fosterlisa@example.net,391.906.5180,"{""street"": ""971 Stokes Motorway"", ""city"": ""New Robert"", ""state"": ""Oregon"", ""postalCode"": ""08068"", ""country"": ""United States""}",2024-09-10T18:35:21
93,William Davenport,goodsteven@example.net,+1-668-563-3752,"{""street"": ""2265 West Lane Suite 182"", ""city"": ""Davidside"", ""state"": ""Montana"", ""postalCode"": ""69817"", ""country"": ""United States""}",2026-08-15T05:36:14
94,Jeffrey Fernandez,taylorvictoria@example.org,001-695-299-5342x8364,"{""street"": ""69033 Craig Bypass"", ""city"": ""Harperton"", ""state"": ""Kansas"", ""postalCode"": ""97565"", ""country"": ""United States""}",2025-10-23T12:59:10
95,Elijah White,oallen@example.com,001-627-508-6688x263,"{""street"": ""687 Teresa Row"", ""city"": ""Floydmouth"", ""state"": ""Vermont"", ""postalCode"": ""55069"", ""country"": ""United States""}",2025-04-30T15:33:24
96,Karen Booth,kevin03@example.org,001-717-639-3638x5467,"{""street"": ""5183 Joseph Spring"", ""city"": ""Port Charlesshire"", ""state"": ""Washington"", ""postalCode"": ""88509"", ""country"": ""United States""}",2025-03-08T06:52:13
97,Lauren Cortez,elijah53@example.com,001-437-785-4777,"{""street"": ""771 Gill Island Apt. 556"", ""city"": ""New Michelleberg"", ""state"": ""Alaska"", ""postalCode"": ""34681"", ""country"": ""United States""}",2024-12-26T14:20:59
98,Crystal Mann,robinsonstephen@example.org,+1-697-670-0886x008,"{""street"": ""872 Alexandria Villages"", ""city"": ""Port Elizabethtown"", ""state"": ""Nebraska"", ""postalCode"": ""18522"", ""country"": ""United States""}",2024-08-30T10:34:10
99,Courtney Sutton DVM,davisnicholas@example.net,500.921.7659x1803,"{""street"": ""11823 Christine Glen Suite 461"", ""city"": ""Susanmouth"", ""state"": ""Oregon"", ""postalCode"": ""32378"", ""country"": ""United States""}",2025-03-15T16:35:11
100,Justin Knight,irhodes@example.com,(821)785-0163x1599,"{""street"": ""48902 Smith Fords"", ""city"": ""Port Lori"", ""state"": ""Montana"", ""postalCode"": ""10585"", ""country"": ""United States""}",2024-09-09T03:16:14
101,Richard Moore,gstewart@example.org,8479541212,"{""street"": ""7358 Reynolds Springs Suite 194"", ""city"": ""Lake Charles"", ""state"": ""Louisiana"", ""postalCode"": ""20715"", ""country"": ""United States""}",2025-10-23T17:57:42
102,Derrick Adams,bryanhamilton@example.com,671-254-3799x3712,"{""street"": ""01581 Shields Bridge Suite 661"", ""city"": ""New Adriana"", ""state"": ""Utah"", ""postalCode"": ""50404"", ""country"": ""United States""}",2025-06-20T11:14:29
103,Michael Henry,markramirez@example.com,(619)339-8280x737,"{""street"": ""657 Jordan View Apt. 459"", ""city"": ""South Leon"", ""state"": ""Montana"", ""postalCode"": ""42331"", ""country"": ""United States""}",2026-05-15T05:37:58
104,Andrew Schmitt,rodriguezjohn@example.net,(529)509-6561x014,"{""street"": ""724 Johnny Drives Suite 617"", ""city"": ""Aguilarside"", ""state"": ""North Carolina"", ""postalCode"": ""91164"", ""country"": ""United States""}",2025-07-29T08:55:22
105,Richard Boyd,thomas77@example.com,440-410-5123,"{""street"": ""7982 Cuevas Orchard Apt. 461"", ""city"": ""Port Sheliaberg"", ""state"": ""Minnesota"", ""postalCode"": ""41381"", ""country"": ""United States""}",2025-05-01T05:06:09
106,Rhonda Brown,lloydamanda@example.com,737-714-7859x69691,"{""street"": ""3622 Foster Street Apt. 796"", ""city"": ""Smithborough"", ""state"": ""Indiana"", ""postalCode"": ""36984"", ""country"": ""United States""}",2026-06-04T20:36:09
107,Chad Reyes,tommymedina@example.net,(282)774-2257,"{""street"": ""249 Emily Island Apt. 341"", ""city"": ""West Heather"", ""state"": ""North Carolina"", ""postalCode"": ""51417"", ""country"": ""United States""}",2024-08-24T13:39:23
108,Dylan Norman,hdunn@example.net,848-358-0783,"{""street"": ""36887 Cohen Mall Suite 721"", ""city"": ""Port Kathleenport"", ""state"": ""Arizona"", ""postalCode"": ""36526"", ""country"": ""United States""}",2026-03-11T18:49:55
109,Michael Chen,christinaglover@example.org,6956849825,"{""street"": ""0745 Scott Crest"", ""city"": ""East Lisa"", ""state"": ""Pennsylvania"", ""postalCode"": ""90827"", ""country"": ""United States""}",2025-11-04T23:34:24
110,Debra Perry,yjones@example.org,(884)557-7590x1751,"{""street"": ""126 Victoria Way Apt. 232"", ""city"": ""Mariafurt"", ""state"": ""New York"", ""postalCode"": ""19135"", ""country"": ""United States""}",2025-07-16T20:08:10
111,Sara Smith,scottsmith@example.com,724.424.1541,"{""street"": ""4545 Ashlee Oval"", ""city"": ""Patriciaton"", ""state"": ""Arizona"", ""postalCode"": ""13552"", ""country"": ""United States""}",2024-09-26T08:23:35
112,Ruth Mcneil,ebenson@example.org,861.411.5542,"{""street"": ""436 Jane Alley Apt. 712"", ""city"": ""New Erin"", ""state"": ""Alabama"", ""postalCode"": ""01557"", ""country"": ""United States""}",2025-12-28T10:51:16
113,Brian Goodwin,bbell@example.com,(634)213-8999,"{""street"": ""89092 Bell Forest"", ""city"": ""South Christina"", ""state"": ""New Hampshire"", ""postalCode"": ""28975"", ""country"": ""United States""}",2026-06-06T16:51:45
114,Alexandria Ward,david96@example.com,+1-527-210-9104,"{""street"": ""89836 Lucas Tunnel Apt. 761"", ""city"": ""South Danielle"", ""state"": ""California"", ""postalCode"": ""69744"", ""country"": ""United States""}",2026-08-03T17:07:58
115,Valerie Moore,peter14@example.net,(230)431-6179x90421,"{""street"": ""8486 Miles Corner"", ""city"": ""West Christopher"", ""state"": ""Colorado"", ""postalCode"": ""67518"", ""country"": ""United States""}",2026-02-12T23:54:32
116,Jeffrey Warren,jennifer91@example.com,385.507.9252x419,"{""street"": ""75884 Nathan Summit"", ""city"": ""Jessicaville"", ""state"": ""Wyoming"", ""postalCode"": ""04348"", ""country"": ""United States""}",2026-03-15T12:08:51
117,Thomas Flores,duncandavid@example.net,6237806174,"{""street"": ""03075 Mora Fall"", ""city"": ""New Lindachester"", ""state"": ""Iowa"", ""postalCode"": ""42680"", ""country"": ""United States""}",2024-10-23T05:21:04
118,Makayla Steele,tapiaaaron@example.net,(541)838-3670x2410,"{""street"": ""53494 Steven Ramp Suite 383"", ""city"": ""North Sarah"", ""state"": ""Alaska"", ""postalCode"": ""31040"", ""country"": ""United States""}",2026-02-12T11:44:29
119,Ethan Owen,louis43@example.org,729.812.1277,"{""street"": ""1918 Dana Lock Apt. 990"", ""city"": ""Batesberg"", ""state"": ""Kansas"", ""postalCode"": ""38731"", ""country"": ""United States""}",2024-11-18T21:42:15
120,Megan Green,anthonysullivan@example.com,+1-283-517-1210,"{""street"": ""74741 Eric Spur Suite 903"", ""city"": ""Eddiebury"", ""state"": ""Minnesota"", ""postalCode"": ""52437"", ""country"": ""United States""}",2024-11-26T15:43:01
121,Sandra Rivera,dunlapbrent@example.net,(267)506-6253x24472,"{""street"": ""5199 Lowery Club"", ""city"": ""North Jamesmouth"", ""state"": ""Florida"", ""postalCode"": ""12556"", ""country"": ""United States""}",2026-01-01T21:09:08
122,Hailey Cunningham,paul20@example.com,+1-530-540-7859x321,"{""street"": ""6870 Joshua Dam Suite 383"", ""city"": ""South Kimberlystad"", ""state"": ""New Mexico"", ""postalCode"": ""71872"", ""country"": ""United States""}",2025-03-12T03:25:54
123,Keith Thomas,marycochran@example.com,+1-542-270-1039,"{""street"": ""96522 Brittany Valley"", ""city"": ""Robintown"", ""state"": ""Virginia"", ""postalCode"": ""92324"", ""country"": ""United States""}",2025-09-30T00:43:11
124,Jacqueline Mcmahon,vwillis@example.com,622-667-5289x53926,"{""street"": ""59325 Samantha Vista Suite 002"", ""city"": ""Port Daniel"", ""state"": ""North Dakota"", ""postalCode"": ""48327"", ""country"": ""United States""}",2024-11-24T00:57:14
125,Blake Reed,gary15@example.com,2438315410,"{""street"": ""096 Ian Island"", ""city"": ""Lake Ariana"", ""state"": ""New York"", ""postalCode"": ""18935"", ""country"": ""United States""}",2025-07-23T12:01:25
126,Stephen Martin,paynerachael@example.org,599-870-6296x20153,"{""street"": ""67658 Garcia Neck Apt. 271"", ""city"": ""West Andrewview"", ""state"": ""Connecticut"", ""postalCode"": ""10226"", ""country"": ""United States""}",2026-02-09T15:41:48
127,Christopher Carter,wellsdarrell@example.com,674.918.6256x5270,"{""street"": ""443 Brandon Ports Suite 205"", ""city"": ""South Christopherfort"", ""state"": ""Illinois"", ""postalCode"": ""13213"", ""country"": ""United States""}",2025-08-13T08:19:01
128,Taylor Armstrong,thomasmiller@example.net,4894899217,"{""street"": ""49021 Elizabeth Valley Suite 938"", ""city"": ""Port Paulhaven"", ""state"": ""Nebraska"", ""postalCode"": ""70691"", ""country"": ""United States""}",2025-01-28T16:55:37
129,Kristen Gates,astark@example.net,+1-398-361-6229x991,"{""street"": ""06163 Mary Green"", ""city"": ""Reneeland"", ""state"": ""Colorado"", ""postalCode"": ""51369"", ""country"": ""United States""}",2026-04-19T10:22:06
130,Erin Young,xmccall@example.org,344-547-1324x75469,"{""street"": ""564 Pena Ports Suite 024"", ""city"": ""Thomasfurt"", ""state"": ""Arizona"", ""postalCode"": ""52378"", ""country"": ""United States""}",2025-07-26T05:12:09
131,Shaun Gonzalez,wrightstephen@example.com,001-934-457-8610x357,"{""street"": ""7850 Cameron Station"", ""city"": ""Taylorhaven"", ""state"": ""Oregon"", ""postalCode"": ""04295"", ""country"": ""United States""}",2026-06-24T05:56:45
132,Daniel Pearson,hancocktammy@example.net,6726290349,"{""street"": ""855 Mary Green Apt. 406"", ""city"": ""East Melissaborough"", ""state"": ""Iowa"", ""postalCode"": ""85354"", ""country"": ""United States""}",2025-07-12T07:20:22
133,Arthur Mcneil,michelle44@example.org,(983)609-6520,"{""street"": ""7437 Byrd Views Suite 910"", ""city"": ""Annaport"", ""state"": ""Maryland"", ""postalCode"": ""90208"", ""country"": ""United States""}",2025-03-06T15:03:52
134,Carl Green,staceylam@example.net,635-934-6554,"{""street"": ""6099 Matthew Station Apt. 875"", ""city"": ""Meganside"", ""state"": ""Idaho"", ""postalCode"": ""39007"", ""country"": ""United States""}",2026-06-09T06:47:07
135,Scott Taylor,matthewbenitez@example.com,(252)917-5250,"{""street"": ""0999 Thomas Fields"", ""city"": ""Port Erinhaven"", ""state"": ""Maryland"", ""postalCode"": ""54647"", ""country"": ""United States""}",2025-03-17T13:56:14
136,Monica Dodson,katherine83@example.org,+1-203-635-4216x89421,"{""street"": ""92712 Schultz Lodge"", ""city"": ""Sanfordfurt"", ""state"": ""Alabama"", ""postalCode"": ""05445"", ""country"": ""United States""}",2025-03-31T00:25:52
137,Nicholas Anderson,lawrencegary@example.com,001-306-848-9090x100,"{""street"": ""898 Hamilton Spur Apt. 575"", ""city"": ""East Stacy"", ""state"": ""Montana"", ""postalCode"": ""03007"", ""country"": ""United States""}",2025-07-28T05:37:37
138,Autumn Wilson,jimenezchelsea@example.com,235.364.2087x37530,"{""street"": ""84723 Kevin Shore Apt. 849"", ""city"": ""South Maria"", ""state"": ""Connecticut"", ""postalCode"": ""67555"", ""country"": ""United States""}",2026-07-22T12:28:39
139,Brett Thompson,phelpsmichael@example.net,761-710-0225x57941,"{""street"": ""721 Jennifer Courts"", ""city"": ""Dawnmouth"", ""state"": ""Maine"", ""postalCode"": ""35120"", ""country"": ""United States""}",2025-01-06T03:56:29
140,Dr. Ashley Pruitt,rpham@example.com,(396)859-0277,"{""street"": ""6746 Marsh Run"", ""city"": ""North David"", ""state"": ""Washington"", ""postalCode"": ""08187"", ""country"": ""United States""}",2025-07-25T10:01:33
141,Karen Alvarado,jhernandez@example.net,7025877217,"{""street"": ""45089 Tiffany Skyway"", ""city"": ""Aprilville"", ""state"": ""Nevada"", ""postalCode"": ""87233"", ""country"": ""United States""}",2025-05-01T03:20:06
142,Jamie Johnson,petersenlatoya@example.net,+1-948-783-7550x3758,"{""street"": ""83866 Christian Mills Suite 177"", ""city"": ""Davidfort"", ""state"": ""West Virginia"", ""postalCode"": ""86139"", ""country"": ""United States""}",2026-02-24T04:36:11
143,Levi Lopez,ylewis@example.org,001-951-260-9177x982,"{""street"": ""13055 Kelley Landing Apt. 027"", ""city"": ""Port Jennifer"", ""state"": ""Washington"", ""postalCode"": ""54137"", ""country"": ""United States""}",2025-10-03T01:42:58
144,Kathy Cruz,joshuastuart@example.com,522.669.8485x833,"{""street"": ""697 Heather Extensions"", ""city"": ""North Paul"", ""state"": ""Rhode Island"", ""postalCode"": ""79951"", ""country"": ""United States""}",2026-02-01T10:22:14
145,Kelly Johnson,brianbrown@example.com,001-524-842-0438x05719,"{""street"": ""228 Page Trace Suite 879"", ""city"": ""Craigside"", ""state"": ""Maine"", ""postalCode"": ""55864"", ""country"": ""United States""}",2025-02-17T16:06:32
146,Maria Fischer,kimberlybrandt@example.com,621.422.8160x648,"{""street"": ""066 Frye Spur Suite 800"", ""city"": ""Jamesmouth"", ""state"": ""Iowa"", ""postalCode"": ""83572"", ""country"": ""United States""}",2024-12-20T02:56:22
147,Kelly Hartman,robertherrera@example.org,(233)355-5439x878,"{""street"": ""57202 Carlson Trail Suite 798"", ""city"": ""Charlesmouth"", ""state"": ""North Dakota"", ""postalCode"": ""29331"", ""country"": ""United States""}",2026-01-18T16:55:30
148,Katie Tucker,rachel35@example.net,812-388-0133,"{""street"": ""3993 Felicia Islands Suite 164"", ""city"": ""Angelhaven"", ""state"": ""Wyoming"", ""postalCode"": ""49647"", ""country"": ""United States""}",2025-01-23T19:17:21
149,Jerry Sullivan,andre18@example.org,+1-691-990-1581x4491,"{""street"": ""120 Love Camp Apt. 102"", ""city"": ""Angelashire"", ""state"": ""Iowa"", ""postalCode"": ""34402"", ""country"": ""United States""}",2025-06-09T09:04:21
150,Kyle Medina,torreskaitlin@example.net,(436)282-2239x431,"{""street"": ""072 Derek Lock Suite 245"", ""city"": ""New Nancyberg"", ""state"": ""Delaware"", ""postalCode"": ""05976"", ""country"": ""United States""}",2026-06-09T10:01:32
151,Jerry Jensen,heather29@example.net,(756)920-5336x452,"{""street"": ""814 John Flat Suite 552"", ""city"": ""North Justin"", ""state"": ""California"", ""postalCode"": ""25863"", ""country"": ""United States""}",2025-08-11T15:07:38
152,Sarah Welch,nhammond@example.org,+1-648-487-2563,"{""street"": ""4781 Debbie Common Suite 283"", ""city"": ""Jessicaland"", ""state"": ""Washington"", ""postalCode"": ""10383"", ""country"": ""United States""}",2025-08-13T01:39:55
153,Brianna Dennis,billy73@example.org,753-303-8567x700,"{""street"": ""5803 Katherine Dam"", ""city"": ""Mooreshire"", ""state"": ""Oregon"", ""postalCode"": ""86931"", ""country"": ""United States""}",2026-02-14T17:36:10
154,Sean Tucker,aeaton@example.net,(472)431-8432,"{""street"": ""498 Nicholas Lane Suite 918"", ""city"": ""Nicholasbury"", ""state"": ""North Dakota"", ""postalCode"": ""53695"", ""country"": ""United States""}",2025-05-25T11:20:00
155,Andrew Berry,dennishunt@example.net,(202)642-8699,"{""street"": ""365 Timothy Neck"", ""city"": ""Clarkburgh"", ""state"": ""Tennessee"", ""postalCode"": ""54358"", ""country"": ""United States""}",2024-10-22T17:28:34
156,Kayla Jackson,sandra99@example.org,866.421.0388,"{""street"": ""9772 Maria Rapid"", ""city"": ""Port Brandi"", ""state"": ""Wyoming"", ""postalCode"": ""24340"", ""country"": ""United States""}",2025-11-30T10:33:06
157,Kelly Wood,wolferoy@example.com,001-865-699-1624x73149,"{""street"": ""79908 Christopher Shoals"", ""city"": ""New Amber"", ""state"": ""Alabama"", ""postalCode"": ""89441"", ""country"": ""United States""}",2025-01-10T22:36:55
158,Jeffery Richards,melissa69@example.com,+1-946-636-8872x588,"{""street"": ""098 April Lane"", ""city"": ""Lake Linda"", ""state"": ""Nebraska"", ""postalCode"": ""47984"", ""country"": ""United States""}",2025-04-12T07:26:10
159,Amy Price,brockmadeline@example.com,+1-661-214-3519x066,"{""street"": ""621 Sean Squares Apt. 138"", ""city"": ""Hartmanside"", ""state"": ""South Carolina"", ""postalCode"": ""91865"", ""country"": ""United States""}",2026-04-10T00:06:54
160,Christopher Johnson,dianacantrell@example.org,665-766-9380x118,"{""street"": ""770 Melissa Unions"", ""city"": ""Jameshaven"", ""state"": ""North Dakota"", ""postalCode"": ""92048"", ""country"": ""United States""}",2025-05-14T00:24:48
161,Robin Andrews,kchurch@example.com,001-735-877-9071x41633,"{""street"": ""93769 Jose Lodge Apt. 818"", ""city"": ""Matthewville"", ""state"": ""North Carolina"", ""postalCode"": ""34277"", ""country"": ""United States""}",2025-05-18T09:11:59
162,Steven Adams,victorgonzalez@example.net,343.333.3952,"{""street"": ""434 Raymond Summit"", ""city"": ""Charlesburgh"", ""state"": ""New Mexico"", ""postalCode"": ""41640"", ""country"": ""United States""}",2026-08-01T20:33:30
163,Phillip Dixon,kwalker@example.org,4869780856,"{""street"": ""790 Melanie Landing"", ""city"": ""Travisshire"", ""state"": ""Louisiana"", ""postalCode"": ""64831"", ""country"": ""United States""}",2024-11-18T14:50:01
164,Jonathan Clark,michael64@example.com,(892)893-1438,"{""street"": ""0036 Mark Ridge Suite 284"", ""city"": ""West Thomas"", ""state"": ""South Carolina"", ""postalCode"": ""45471"", ""country"": ""United States""}",2025-01-16T09:53:29
165,Amber Garcia,briancervantes@example.com,+1-317-754-5588x4506,"{""street"": ""270 Robert Dale"", ""city"": ""Kristenport"", ""state"": ""Kentucky"", ""postalCode"": ""74181"", ""country"": ""United States""}",2026-06-21T19:55:50
166,Julie Frye,daniellemcfarland@example.com,+1-899-661-1253x5544,"{""street"": ""982 Kelly Spring"", ""city"": ""Hamptonmouth"", ""state"": ""Colorado"", ""postalCode"": ""50448"", ""country"": ""United States""}",2026-07-07T14:46:58
167,Kara Brown,fwarren@example.org,492-216-4334x722,"{""street"": ""9876 Ivan Brooks Apt. 341"", ""city"": ""East Randy"", ""state"": ""Connecticut"", ""postalCode"": ""08862"", ""country"": ""United States""}",2024-09-13T10:20:40
168,Mr. Brandon Parker,tgreen@example.org,9826547807,"{""street"": ""7784 Taylor Square Apt. 997"", ""city"": ""Millsside"", ""state"": ""Maryland"", ""postalCode"": ""46005"", ""country"": ""United States""}",2024-08-24T05:15:08
169,David Duran,justin84@example.com,612.924.1797,"{""street"": ""9308 Lopez Points Suite 632"", ""city"": ""Claytonbury"", ""state"": ""Kentucky"", ""postalCode"": ""10883"", ""country"": ""United States""}",2025-01-09T23:39:26
170,Robert Bolton,cterry@example.com,520-646-1872,"{""street"": ""20802 Julian Crossroad Suite 031"", ""city"": ""North Tristan"", ""state"": ""Michigan"", ""postalCode"": ""55583"", ""country"": ""United States""}",2026-05-13T21:39:57
171,Amanda Pineda,kingdanielle@example.org,(803)513-6502x491,"{""street"": ""13673 James Street Apt. 837"", ""city"": ""Maldonadoport"", ""state"": ""Massachusetts"", ""postalCode"": ""21290"", ""country"": ""United States""}",2024-08-24T01:28:22
172,Yolanda Garrett,kellyeric@example.net,227-835-8573,"{""street"": ""792 Townsend Gateway"", ""city"": ""South Christopher"", ""state"": ""South Carolina"", ""postalCode"": ""44858"", ""country"": ""United States""}",2025-05-22T07:44:03
173,Denise Guerra,caseymoore@example.com,585-770-8620x959,"{""street"": ""0778 Daniels Overpass"", ""city"": ""New Jacob"", ""state"": ""Minnesota"", ""postalCode"": ""42926"", ""country"": ""United States""}",2026-02-28T03:29:20
174,Andrea Conley,gregoryjohnson@example.org,531.309.6789x9405,"{""street"": ""863 Cannon Drives"", ""city"": ""Marcusmouth"", ""state"": ""Delaware"", ""postalCode"": ""13117"", ""country"": ""United States""}",2024-08-27T06:57:03
175,Morgan Davenport,blackburnsusan@example.org,438-863-3839,"{""street"": ""717 Michael Summit"", ""city"": ""Shortton"", ""state"": ""South Carolina"", ""postalCode"": ""35341"", ""country"": ""United States""}",2026-03-19T15:28:35
176,Zachary Ramos,rachel85@example.com,(865)293-9836x84577,"{""street"": ""957 Andrade Expressway"", ""city"": ""New Richard"", ""state"": ""Michigan"", ""postalCode"": ""86685"", ""country"": ""United States""}",2026-03-04T06:28:09
177,Tamara Dixon,clintonstevens@example.org,(845)593-3441,"{""street"": ""9082 Smith Forges"", ""city"": ""Port Leslie"", ""state"": ""Wyoming"", ""postalCode"": ""90903"", ""country"": ""United States""}",2026-03-10T10:43:04
178,Richard Weeks,michael66@example.org,001-539-406-0480x58925,"{""street"": ""572 Petersen Spurs"", ""city"": ""New Dawnton"", ""state"": ""Washington"", ""postalCode"": ""76035"", ""country"": ""United States""}",2024-09-25T08:45:57
179,James Hamilton,kathleencastillo@example.org,369.338.9833x1465,"{""street"": ""9981 Ryan Turnpike Suite 225"", ""city"": ""South Ashleyton"", ""state"": ""Oklahoma"", ""postalCode"": ""52823"", ""country"": ""United States""}",2026-01-20T21:17:25
180,James Todd,rodriguezbrian@example.net,(740)551-4770,"{""street"": ""5535 Wheeler Burg Suite 259"", ""city"": ""Hansonmouth"", ""state"": ""Arizona"", ""postalCode"": ""31104"", ""country"": ""United States""}",2026-03-14T21:51:00
181,Duane Mccormick,brian01@example.com,+1-345-410-4636x81579,"{""street"": ""88487 Heather Skyway"", ""city"": ""South Brandyhaven"", ""state"": ""Arizona"", ""postalCode"": ""33984"", ""country"": ""United States""}",2025-01-18T14:18:38
182,Lori Johns,raymondstacy@example.org,(856)521-6893,"{""street"": ""003 Cook Lock Apt. 055"", ""city"": ""Colleenbury"", ""state"": ""North Carolina"", ""postalCode"": ""36660"", ""country"": ""United States""}",2025-11-05T02:36:41
183,Susan Jordan,dianacunningham@example.org,618-481-2520x56647,"{""street"": ""4957 Jamie Dam"", ""city"": ""Port Devin"", ""state"": ""Vermont"", ""postalCode"": ""92924"", ""country"": ""United States""}",2026-04-14T06:37:55
184,Michael Woods,xjoseph@example.org,(577)522-3306x0463,"{""street"": ""22099 Obrien Ridge"", ""city"": ""New Jesse"", ""state"": ""Utah"", ""postalCode"": ""03919"", ""country"": ""United States""}",2024-10-07T11:52:43
185,Todd Armstrong,meyershannon@example.org,588.660.8680,"{""street"": ""9757 Ronald Trail"", ""city"": ""New Jillfurt"", ""state"": ""Washington"", ""postalCode"": ""41513"", ""country"": ""United States""}",2025-07-24T12:53:11
186,Jerry White,nicoledavis@example.com,001-421-811-7518x689,"{""street"": ""4726 Austin Center Apt. 771"", ""city"": ""East Kimberlyside"", ""state"": ""Florida"", ""postalCode"": ""52021"", ""country"": ""United States""}",2025-10-18T14:11:57
187,April Cannon,ellismelissa@example.net,9973339776,"{""street"": ""25922 Harold Station Apt. 644"", ""city"": ""Robertsburgh"", ""state"": ""Delaware"", ""postalCode"": ""17746"", ""country"": ""United States""}",2025-11-27T02:29:50
188,Elizabeth Knapp,rodriguezvictoria@example.org,+1-749-899-8279x50145,"{""street"": ""84983 Jack Centers"", ""city"": ""Benjaminton"", ""state"": ""Texas"", ""postalCode"": ""76272"", ""country"": ""United States""}",2026-05-16T05:51:05
189,Lisa Rodriguez,webbhaley@example.net,969-954-8995x2997,"{""street"": ""8147 David Wall"", ""city"": ""Markchester"", ""state"": ""North Dakota"", ""postalCode"": ""28005"", ""country"": ""United States""}",2026-05-06T16:51:14
190,Justin Walsh,davidsonhannah@example.com,744-888-5015,"{""street"": ""343 David Mountain"", ""city"": ""Lake Melaniechester"", ""state"": ""Nebraska"", ""postalCode"": ""06463"", ""country"": ""United States""}",2026-03-02T18:44:25
191,Robert Reilly,conleykevin@example.net,+1-858-480-3955x12405,"{""street"": ""35577 Debbie Orchard"", ""city"": ""Lake Steven"", ""state"": ""Ohio"", ""postalCode"": ""44424"", ""country"": ""United States""}",2025-11-03T14:52:39
192,Paula Gentry,zhunter@example.com,923.857.8452x18230,"{""street"": ""91450 Gutierrez Parks Apt. 574"", ""city"": ""New Kevin"", ""state"": ""Delaware"", ""postalCode"": ""49550"", ""country"": ""United States""}",2026-02-22T10:55:08
193,Corey Hill,kendra14@example.org,(741)709-8813,"{""street"": ""40915 Small Cove"", ""city"": ""Andrewport"", ""state"": ""South Dakota"", ""postalCode"": ""28005"", ""country"": ""United States""}",2025-03-15T15:47:08
194,Michael Rodriguez,millerphilip@example.net,+1-497-395-4538x179,"{""street"": ""493 Charles Ridge"", ""city"": ""Amberton"", ""state"": ""Florida"", ""postalCode"": ""04301"", ""country"": ""United States""}",2026-05-10T11:38:58
195,John Bell,ssingleton@example.com,+1-992-881-6158x148,"{""street"": ""74773 Douglas Ridges Suite 562"", ""city"": ""Kristinamouth"", ""state"": ""New Jersey"", ""postalCode"": ""64399"", ""country"": ""United States""}",2025-11-18T19:23:47
196,Laura Tucker,gnguyen@example.com,(946)219-1965,"{""street"": ""93827 Jones Fords Suite 695"", ""city"": ""East Elaine"", ""state"": ""California"", ""postalCode"": ""97411"", ""country"": ""United States""}",2024-10-26T10:39:57
197,Meghan Sellers,wrobbins@example.org,001-209-286-2405,"{""street"": ""90227 Price Ports"", ""city"": ""Gonzalezmouth"", ""state"": ""Maryland"", ""postalCode"": ""75248"", ""country"": ""United States""}",2026-02-14T10:28:46
198,Sarah Ward,qmoore@example.org,(401)802-7621,"{""street"": ""40369 Garrett Station Suite 666"", ""city"": ""Lake Glenn"", ""state"": ""Florida"", ""postalCode"": ""25172"", ""country"": ""United States""}",2026-06-16T05:25:04
199,Cynthia Shaw,khouse@example.com,4096751971,"{""street"": ""969 Shawn Manors Suite 653"", ""city"": ""South Cassandra"", ""state"": ""Oregon"", ""postalCode"": ""65795"", ""country"": ""United States""}",2025-08-13T06:02:58
200,Greg Osborne,egibson@example.net,001-956-454-4209x4940,"{""street"": ""913 Mccoy Shore"", ""city"": ""Lake Cynthiashire"", ""state"": ""Maryland"", ""postalCode"": ""80853"", ""country"": ""United States""}",2025-11-05T01:53:33
201,Scott Smith,munozrenee@example.net,(275)724-3728,"{""street"": ""490 Washington Crossroad"", ""city"": ""Port Kristenview"", ""state"": ""Florida"", ""postalCode"": ""81214"", ""country"": ""United States""}",2024-10-21T16:21:56
202,Nicole Wilson,stevenalvarez@example.com,001-883-766-7428x6047,"{""street"": ""276 Young Mill"", ""city"": ""East Becky"", ""state"": ""Minnesota"", ""postalCode"": ""07621"", ""country"": ""United States""}",2025-10-02T23:38:54
203,Morgan Chapman,aprilbyrd@example.org,680-501-0618x17534,"{""street"": ""85694 Nelson Unions"", ""city"": ""West Destinyfurt"", ""state"": ""New Jersey"", ""postalCode"": ""89012"", ""country"": ""United States""}",2024-09-12T13:35:34
204,Phillip Wong,pauladominguez@example.com,871-774-6542x1406,"{""street"": ""109 Stephanie Route"", ""city"": ""Lake Susanland"", ""state"": ""Rhode Island"", ""postalCode"": ""17528"", ""country"": ""United States""}",2024-10-02T18:34:57
205,Andrew Jones,kimberly07@example.org,+1-800-864-2569x0877,"{""street"": ""2717 Chelsey Fall Suite 128"", ""city"": ""Robinsonville"", ""state"": ""New Hampshire"", ""postalCode"": ""94269"", ""country"": ""United States""}",2026-06-03T17:13:29
206,Tina Davis,christopher74@example.net,728.906.3461,"{""street"": ""306 Martinez Plain"", ""city"": ""Mathewport"", ""state"": ""Montana"", ""postalCode"": ""07735"", ""country"": ""United States""}",2024-10-22T00:57:34
207,George Le,zwilson@example.net,+1-287-582-9310x27079,"{""street"": ""320 Anthony Ramp Apt. 761"", ""city"": ""Victormouth"", ""state"": ""Alaska"", ""postalCode"": ""05356"", ""country"": ""United States""}",2026-02-12T20:07:42
208,Robert Hendrix,rnguyen@example.net,+1-325-630-9251,"{""street"": ""20417 Mary Circles"", ""city"": ""North Tylerbury"", ""state"": ""California"", ""postalCode"": ""27061"", ""country"": ""United States""}",2024-12-04T19:51:11
209,Diane Steele,nschwartz@example.org,+1-348-676-3290x9279,"{""street"": ""58273 Dennis Turnpike Suite 207"", ""city"": ""North Adrianland"", ""state"": ""Virginia"", ""postalCode"": ""85927"", ""country"": ""United States""}",2025-05-14T07:28:07
210,Christopher Livingston Jr.,justin64@example.com,+1-370-510-8220x781,"{""street"": ""83318 Christine Wall Apt. 734"", ""city"": ""East Danielberg"", ""state"": ""Utah"", ""postalCode"": ""62683"", ""country"": ""United States""}",2026-02-28T10:56:11
211,Kevin Brown,nthomas@example.com,(765)427-3543,"{""street"": ""956 Julie Islands Apt. 153"", ""city"": ""East Joanborough"", ""state"": ""Missouri"", ""postalCode"": ""29423"", ""country"": ""United States""}",2024-09-11T01:17:41
212,Laura Tran,christophervincent@example.com,797.874.0633,"{""street"": ""2177 Jackson Junctions"", ""city"": ""West Cassandra"", ""state"": ""South Dakota"", ""postalCode"": ""80655"", ""country"": ""United States""}",2025-11-10T05:03:24
213,Karen Yates,chavezjohn@example.net,001-206-932-5431x07427,"{""street"": ""290 Baird Canyon"", ""city"": ""Quinnhaven"", ""state"": ""Arizona"", ""postalCode"": ""56298"", ""country"": ""United States""}",2025-08-12T08:07:59
214,Paul Wolfe,kristinmiller@example.com,001-408-350-1657x9055,"{""street"": ""625 Padilla Alley"", ""city"": ""South Patriciamouth"", ""state"": ""North Dakota"", ""postalCode"": ""04788"", ""country"": ""United States""}",2025-10-26T16:17:56
215,Destiny Brown,shaun88@example.org,488.647.9513x7116,"{""street"": ""53817 Karen Trace"", ""city"": ""West Michael"", ""state"": ""Louisiana"", ""postalCode"": ""66504"", ""country"": ""United States""}",2024-10-15T21:24:36
216,Jeremy Newman,jaime03@example.net,+1-456-695-5798x8774,"{""street"": ""41272 Abigail Road"", ""city"": ""West Robertside"", ""state"": ""Florida"", ""postalCode"": ""62616"", ""country"": ""United States""}",2024-12-28T12:25:13
217,Bruce Chaney,scottwood@example.org,+1-605-352-5782,"{""street"": ""75402 Mitchell Expressway Apt. 842"", ""city"": ""Port Jean"", ""state"": ""Texas"", ""postalCode"": ""20618"", ""country"": ""United States""}",2026-08-02T01:08:28
218,Nicole Mcknight,laurenchandler@example.com,317-702-8140x69375,"{""street"": ""7275 Adam Streets"", ""city"": ""Deborahport"", ""state"": ""New Mexico"", ""postalCode"": ""38489"", ""country"": ""United States""}",2024-09-28T20:54:34
219,Evan Jacobs,kerrmichael@example.org,001-365-565-0455x478,"{""street"": ""834 Andrew Plain"", ""city"": ""Rhodesland"", ""state"": ""North Carolina"", ""postalCode"": ""52198"", ""country"": ""United States""}",2026-03-05T11:10:41
220,Tyler Avila,smithdanielle@example.com,(628)979-2326x48704,"{""street"": ""674 Linda Manors Suite 299"", ""city"": ""East Jaredfort"", ""state"": ""North Dakota"", ""postalCode"": ""44464"", ""country"": ""United States""}",2025-10-25T12:45:46
221,Andrea Reese DDS,ooneill@example.net,415.789.0429x0257,"{""street"": ""00244 Martinez Shores Suite 627"", ""city"": ""North David"", ""state"": ""Louisiana"", ""postalCode"": ""65126"", ""country"": ""United States""}",2024-12-21T23:18:21
222,Carol Morris,margaret44@example.net,001-951-889-5202x845,"{""street"": ""5650 Carter Route"", ""city"": ""New Jamesburgh"", ""state"": ""Wisconsin"", ""postalCode"": ""12888"", ""country"": ""United States""}",2025-05-08T10:54:14
223,Jack Montoya,gerald40@example.net,332-823-4232,"{""street"": ""32833 Robert Club"", ""city"": ""Port Davidtown"", ""state"": ""New Mexico"", ""postalCode"": ""46141"", ""country"": ""United States""}",2026-02-04T16:47:30
224,Adam Davis,morajamie@example.org,(450)512-4955,"{""street"": ""07603 Antonio Shoals"", ""city"": ""South Davidview"", ""state"": ""Arizona"", ""postalCode"": ""09184"", ""country"": ""United States""}",2025-09-13T07:11:54
225,Michael Lopez,whitemichael@example.com,(638)236-1517x18275,"{""street"": ""90833 Jackson Throughway"", ""city"": ""Lake Coreyborough"", ""state"": ""North Carolina"", ""postalCode"": ""93268"", ""country"": ""United States""}",2024-10-20T00:13:16
226,Rebekah Crosby,harry71@example.com,581.712.6691x215,"{""street"": ""1647 Mcdaniel Ville Suite 386"", ""city"": ""Tracichester"", ""state"": ""Illinois"", ""postalCode"": ""09624"", ""country"": ""United States""}",2025-01-19T16:11:25
227,Ashley King,ihall@example.org,401-670-2695,"{""street"": ""36749 Avila Unions Suite 579"", ""city"": ""Archerhaven"", ""state"": ""Louisiana"", ""postalCode"": ""19817"", ""country"": ""United States""}",2025-12-13T05:18:32
228,Amanda Jordan,reyesleonard@example.com,870.902.8427x624,"{""street"": ""87734 Henry Green"", ""city"": ""Lisaside"", ""state"": ""Ohio"", ""postalCode"": ""02817"", ""country"": ""United States""}",2026-04-02T13:12:29
229,Jamie Rhodes,luke09@example.org,(755)790-5616,"{""street"": ""788 Alvarez Walk"", ""city"": ""New Brian"", ""state"": ""Kentucky"", ""postalCode"": ""65341"", ""country"": ""United States""}",2025-07-03T01:55:57
230,Stephanie Adams,uchapman@example.com,001-965-791-7135,"{""street"": ""33349 Renee Circles Suite 152"", ""city"": ""New Markmouth"", ""state"": ""Texas"", ""postalCode"": ""55875"", ""country"": ""United States""}",2024-12-24T13:09:53
231,Keith Schmidt,yclark@example.org,+1-948-446-8536x6498,"{""street"": ""6371 Karl Causeway Suite 963"", ""city"": ""Lake Meganville"", ""state"": ""Pennsylvania"", ""postalCode"": ""44651"", ""country"": ""United States""}",2026-07-02T08:06:38
232,Molly Brown,michaelhernandez@example.org,001-546-865-1364x4249,"{""street"": ""829 Lewis View"", ""city"": ""Adamsside"", ""state"": ""South Carolina"", ""postalCode"": ""57350"", ""country"": ""United States""}",2025-02-18T08:39:41
233,Allen Clarke,donna20@example.net,500.315.9416x5162,"{""street"": ""30347 Castro Mews"", ""city"": ""Lucaston"", ""state"": ""Illinois"", ""postalCode"": ""21388"", ""country"": ""United States""}",2025-11-03T14:43:24
234,Paul Young,grobinson@example.org,747.364.9078,"{""street"": ""984 Wilkerson Freeway"", ""city"": ""Port Lindsaymouth"", ""state"": ""Pennsylvania"", ""postalCode"": ""97132"", ""country"": ""United States""}",2025-04-19T22:48:30
235,Mark Haynes,nicholsjoel@example.com,(206)644-1343x2756,"{""street"": ""3425 Baldwin View Suite 090"", ""city"": ""Lake Samanthabury"", ""state"": ""Kentucky"", ""postalCode"": ""72948"", ""country"": ""United States""}",2026-06-21T02:42:22
236,Kimberly Murphy,gilldanielle@example.org,+1-472-806-3459x1123,"{""street"": ""7656 Madison Square"", ""city"": ""Williamstad"", ""state"": ""Nebraska"", ""postalCode"": ""79421"", ""country"": ""United States""}",2026-04-24T18:55:53
237,Tammy Holland,rebeccamccann@example.org,320-269-6942x152,"{""street"": ""7242 Marsh Flat Apt. 652"", ""city"": ""Waltershire"", ""state"": ""Iowa"", ""postalCode"": ""03218"", ""country"": ""United States""}",2026-02-26T06:22:27
238,Diane Byrd MD,bsparks@example.com,739-873-5971x072,"{""street"": ""7133 Sophia Via Suite 476"", ""city"": ""South Melissa"", ""state"": ""Rhode Island"", ""postalCode"": ""28755"", ""country"": ""United States""}",2026-02-01T14:51:57
239,Teresa Coffey DDS,smithwilliam@example.com,965-428-0924x2875,"{""street"": ""669 Jones Point"", ""city"": ""North Marvinbury"", ""state"": ""New Mexico"", ""postalCode"": ""46940"", ""country"": ""United States""}",2024-10-25T18:10:04
240,Jessica Martin,jgallagher@example.net,+1-370-932-0320x74276,"{""street"": ""862 Wilson Cape Apt. 745"", ""city"": ""Campbellview"", ""state"": ""South Carolina"", ""postalCode"": ""35072"", ""country"": ""United States""}",2024-09-17T19:25:15
241,Denise Macdonald,brandybonilla@example.net,001-392-761-3715x04165,"{""street"": ""8777 Meghan Way Apt. 151"", ""city"": ""Port Justin"", ""state"": ""Hawaii"", ""postalCode"": ""98796"", ""country"": ""United States""}",2024-12-14T13:35:27
242,Rebecca Campbell,manningamy@example.net,(616)442-3610x3266,"{""street"": ""77749 Mark Cape"", ""city"": ""Nguyenshire"", ""state"": ""Florida"", ""postalCode"": ""28205"", ""country"": ""United States""}",2024-11-18T19:11:32
243,Ann Henderson,christina66@example.org,3856732788,"{""street"": ""6492 Wade Village Suite 837"", ""city"": ""Mcclurefort"", ""state"": ""Louisiana"", ""postalCode"": ""74302"", ""country"": ""United States""}",2025-08-15T19:14:46
244,Robin Kelly,mackallen@example.net,+1-672-726-0164x59779,"{""street"": ""74224 Alexandra Hill Apt. 810"", ""city"": ""New Rogerville"", ""state"": ""New Jersey"", ""postalCode"": ""87120"", ""country"": ""United States""}",2026-07-31T05:51:18
245,Jared Sandoval,nturner@example.com,001-564-912-2031x030,"{""street"": ""21941 Ferguson Avenue"", ""city"": ""Wilsonburgh"", ""state"": ""Tennessee"", ""postalCode"": ""63038"", ""country"": ""United States""}",2026-01-02T22:13:17
246,Christian Park,cruiz@example.net,834.896.0501,"{""street"": ""368 Christopher Trail"", ""city"": ""Hernandezchester"", ""state"": ""Alaska"", ""postalCode"": ""15765"", ""country"": ""United States""}",2026-06-07T06:21:43
247,Ethan Brown,hsmall@example.com,+1-557-760-2437x573,"{""street"": ""998 Johnson Locks Suite 899"", ""city"": ""Hallton"", ""state"": ""North Dakota"", ""postalCode"": ""02993"", ""country"": ""United States""}",2026-08-03T01:24:18
248,Katherine Young,kiddmichael@example.com,(522)980-1561x931,"{""street"": ""46657 Christy Haven Apt. 722"", ""city"": ""East Catherine"", ""state"": ""Connecticut"", ""postalCode"": ""55024"", ""country"": ""United States""}",2025-03-05T09:09:40
249,Shelby Bartlett,jessicaerickson@example.net,712.655.2137x6037,"{""street"": ""0842 Jasmine Mill Suite 119"", ""city"": ""Port Annahaven"", ""state"": ""Connecticut"", ""postalCode"": ""22396"", ""country"": ""United States""}",2025-09-13T09:18:51
250,Stephanie Crane,sherry72@example.org,001-481-215-5626x060,"{""street"": ""45653 Karen Pines"", ""city"": ""Cobbberg"", ""state"": ""Nevada"", ""postalCode"": ""54687"", ""country"": ""United States""}",2025-12-20T17:01:35
251,Angela Medina,vhardy@example.org,684.531.8848x52008,"{""street"": ""6845 Smith Harbors Apt. 673"", ""city"": ""Terryfurt"", ""state"": ""Wyoming"", ""postalCode"": ""26360"", ""country"": ""United States""}",2026-05-25T12:52:51
252,Dr. Virginia Cunningham,michaelmitchell@example.net,001-526-783-1589,"{""street"": ""681 Mckenzie Green Suite 101"", ""city"": ""Evanstown"", ""state"": ""New Jersey"", ""postalCode"": ""44931"", ""country"": ""United States""}",2025-08-04T23:57:10
253,Justin Maxwell,breanna67@example.net,962.928.2772x8813,"{""street"": ""66110 Beasley Mountains"", ""city"": ""South Christian"", ""state"": ""Utah"", ""postalCode"": ""69478"", ""country"": ""United States""}",2024-09-11T10:51:14
254,James Carter,moodydouglas@example.net,(904)643-2701x85106,"{""street"": ""519 Rodriguez Land"", ""city"": ""Billyberg"", ""state"": ""Delaware"", ""postalCode"": ""49189"", ""country"": ""United States""}",2025-10-30T13:36:47
255,Gina Williams,pfitzgerald@example.org,(209)548-1813,"{""street"": ""6792 William Mount Suite 725"", ""city"": ""Port Colleenchester"", ""state"": ""Missouri"", ""postalCode"": ""31017"", ""country"": ""United States""}",2026-03-23T02:26:03
256,Scott Johnson,bwhite@example.net,664-811-1824x22412,"{""street"": ""018 Suzanne Harbor Apt. 397"", ""city"": ""Port Amandamouth"", ""state"": ""Montana"", ""postalCode"": ""77688"", ""country"": ""United States""}",2026-01-26T05:11:20
257,Stephanie Williams,karenwillis@example.com,586.214.0578x61706,"{""street"": ""95200 Price Island"", ""city"": ""South Patricia"", ""state"": ""Kentucky"", ""postalCode"": ""49720"", ""country"": ""United States""}",2025-03-14T04:30:34
258,Dr. Kimberly Henderson,dwilliams@example.net,620-207-4946x5398,"{""street"": ""82496 Miller Roads"", ""city"": ""Port Tammy"", ""state"": ""Mississippi"", ""postalCode"": ""71337"", ""country"": ""United States""}",2024-12-20T12:01:34
259,Michelle Nelson,matthew79@example.com,9208970026,"{""street"": ""1612 Johns Fords"", ""city"": ""Nicolemouth"", ""state"": ""South Dakota"", ""postalCode"": ""34758"", ""country"": ""United States""}",2025-10-09T02:30:20
260,Robin Terrell,fordsharon@example.com,5305453194,"{""street"": ""180 Chambers Knoll"", ""city"": ""Careystad"", ""state"": ""Missouri"", ""postalCode"": ""23725"", ""country"": ""United States""}",2025-09-04T16:16:08
261,Melanie Cunningham,chapmanjulie@example.org,293-884-3089x487,"{""street"": ""47930 Tracey Route Suite 149"", ""city"": ""Jacksonborough"", ""state"": ""Texas"", ""postalCode"": ""97338"", ""country"": ""United States""}",2025-12-27T23:29:09
262,Aaron Lee,beardlindsey@example.net,361.233.2541,"{""street"": ""6641 Simpson Path"", ""city"": ""Lake Jeffreyview"", ""state"": ""Nebraska"", ""postalCode"": ""70285"", ""country"": ""United States""}",2025-08-24T22:13:51
263,Lauren Miller,rangelnicholas@example.net,320-270-4961,"{""street"": ""95431 Allen Junctions Apt. 583"", ""city"": ""Port Carolmouth"", ""state"": ""Wisconsin"", ""postalCode"": ""13040"", ""country"": ""United States""}",2025-10-25T12:20:02
264,Matthew Lowe,gibsonmark@example.org,610-791-9392,"{""street"": ""6619 Hall Rapid"", ""city"": ""South Patrickchester"", ""state"": ""South Carolina"", ""postalCode"": ""81664"", ""country"": ""United States""}",2025-07-10T03:08:51
265,Patricia Hernandez,carrie45@example.org,792.503.8806x53331,"{""street"": ""972 Devin Cape Apt. 249"", ""city"": ""Palmerstad"", ""state"": ""Maryland"", ""postalCode"": ""77003"", ""country"": ""United States""}",2026-01-17T20:49:25
266,Julie Lewis,vnavarro@example.net,(636)920-5015x0812,"{""street"": ""795 Jensen Manor Suite 217"", ""city"": ""South Jeffreytown"", ""state"": ""South Dakota"", ""postalCode"": ""29733"", ""country"": ""United States""}",2025-01-15T02:57:04
267,Michael Gray,morganjason@example.com,455.428.9611,"{""street"": ""03342 Nicole Stravenue Apt. 583"", ""city"": ""East Andrew"", ""state"": ""Kentucky"", ""postalCode"": ""13764"", ""country"": ""United States""}",2026-04-26T12:58:59
268,Erin Brown,monique89@example.com,717.991.2868,"{""street"": ""86559 Rowland Gardens"", ""city"": ""Port Christinaborough"", ""state"": ""Ohio"", ""postalCode"": ""39060"", ""country"": ""United States""}",2025-09-24T03:51:47
269,James Moore,jonathan12@example.org,978-853-9078x9567,"{""street"": ""55877 Adams Locks Apt. 333"", ""city"": ""Royfurt"", ""state"": ""Indiana"", ""postalCode"": ""40608"", ""country"": ""United States""}",2025-06-30T18:26:26
270,Andrew Gonzalez,emilywright@example.net,001-243-992-8404x45669,"{""street"": ""5460 Scott Greens Apt. 514"", ""city"": ""Port Joshuabury"", ""state"": ""Connecticut"", ""postalCode"": ""16044"", ""country"": ""United States""}",2026-01-07T04:08:56
271,Cole Carrillo,cclark@example.net,7525924075,"{""street"": ""3337 Zachary Turnpike"", ""city"": ""Sharpmouth"", ""state"": ""Michigan"", ""postalCode"": ""11756"", ""country"": ""United States""}",2025-07-08T16:28:50
272,Chelsea Rodriguez,tfowler@example.org,(518)320-9702,"{""street"": ""684 Matthews Port Apt. 225"", ""city"": ""Bairdborough"", ""state"": ""Montana"", ""postalCode"": ""08851"", ""country"": ""United States""}",2026-07-25T23:42:58
273,Patrick Price,davidharris@example.com,001-272-499-4938x743,"{""street"": ""3348 Shawn Land Apt. 256"", ""city"": ""Mooreville"", ""state"": ""Florida"", ""postalCode"": ""70814"", ""country"": ""United States""}",2025-07-29T08:02:50
274,Rebecca Myers,robertwhite@example.net,001-667-362-9160x3248,"{""street"": ""9385 Stevens Ports"", ""city"": ""Lake Christophermouth"", ""state"": ""Minnesota"", ""postalCode"": ""92292"", ""country"": ""United States""}",2026-02-10T07:29:29
275,Julia Jones,vjames@example.com,960.904.1257,"{""street"": ""6815 Karina Parkways"", ""city"": ""Robertburgh"", ""state"": ""Kentucky"", ""postalCode"": ""27681"", ""country"": ""United States""}",2024-10-09T03:02:29
276,Caleb Figueroa,chrisgallagher@example.net,327-852-3083x708,"{""street"": ""372 Hoover Ville"", ""city"": ""East Mary"", ""state"": ""Rhode Island"", ""postalCode"": ""13675"", ""country"": ""United States""}",2026-02-04T08:00:13
277,Amy Benjamin,roblesmaria@example.org,001-820-868-1558x3938,"{""street"": ""0900 Wang Gateway Suite 331"", ""city"": ""South Anthonytown"", ""state"": ""Michigan"", ""postalCode"": ""25686"", ""country"": ""United States""}",2024-11-18T22:57:26
278,Marie Wood,mcclurerobert@example.net,718.992.4195x6252,"{""street"": ""15520 Valdez Bridge"", ""city"": ""Lewisbury"", ""state"": ""California"", ""postalCode"": ""86741"", ""country"": ""United States""}",2024-10-08T13:33:03
279,Amy Brooks,james63@example.net,8396752450,"{""street"": ""99768 Wesley Squares Apt. 309"", ""city"": ""West Joelchester"", ""state"": ""Wisconsin"", ""postalCode"": ""32423"", ""country"": ""United States""}",2026-03-23T02:17:29
280,Jane Morris,esoto@example.com,530-523-2129,"{""street"": ""55338 Rebecca Shores"", ""city"": ""Port Grace"", ""state"": ""Washington"", ""postalCode"": ""29657"", ""country"": ""United States""}",2025-09-15T06:05:15
281,Scott Olson,raymond27@example.com,(489)662-7066x14982,"{""street"": ""7423 Roger Rest"", ""city"": ""West Justin"", ""state"": ""New Hampshire"", ""postalCode"": ""83810"", ""country"": ""United States""}",2025-06-08T15:06:53
282,Teresa Waller,patrick49@example.org,(801)869-2364x58750,"{""street"": ""7468 Jones Dale Suite 323"", ""city"": ""North Michellestad"", ""state"": ""New York"", ""postalCode"": ""53526"", ""country"": ""United States""}",2026-03-11T12:46:59
283,Alexandria Wise,lsanders@example.org,336.726.4488x69461,"{""street"": ""70502 Jacobs Springs"", ""city"": ""West John"", ""state"": ""Pennsylvania"", ""postalCode"": ""87349"", ""country"": ""United States""}",2026-05-11T13:19:07
284,Morgan Jackson,jacob23@example.com,(481)579-3230,"{""street"": ""3640 Lisa Alley"", ""city"": ""North Kimchester"", ""state"": ""North Dakota"", ""postalCode"": ""55137"", ""country"": ""United States""}",2025-03-06T13:40:42
285,Derek Moses,davisalexa@example.org,(598)747-7596x5555,"{""street"": ""9121 Miller Crossing Suite 150"", ""city"": ""South Todd"", ""state"": ""Wisconsin"", ""postalCode"": ""13714"", ""country"": ""United States""}",2026-01-15T16:57:58
286,Mary Alvarez,akeller@example.net,905-305-7397x69156,"{""street"": ""9055 Aaron Ways Suite 209"", ""city"": ""Port Alyssabury"", ""state"": ""Mississippi"", ""postalCode"": ""59734"", ""country"": ""United States""}",2026-03-10T10:56:15
287,Dana Jackson,garciavictoria@example.org,(956)343-4712,"{""street"": ""9328 David Underpass Apt. 487"", ""city"": ""South Stephanie"", ""state"": ""New Mexico"", ""postalCode"": ""87354"", ""country"": ""United States""}",2026-04-27T00:57:26
288,Chelsea Mcmahon,david56@example.net,001-504-309-8366x5528,"{""street"": ""99156 Valdez Tunnel Suite 334"", ""city"": ""West Christopherland"", ""state"": ""Michigan"", ""postalCode"": ""97570"", ""country"": ""United States""}",2025-06-20T04:09:55
289,Rebecca Warner,kyle14@example.net,001-573-574-6052,"{""street"": ""752 Hood Parks"", ""city"": ""Hernandezport"", ""state"": ""Georgia"", ""postalCode"": ""98419"", ""country"": ""United States""}",2026-02-12T03:32:55
290,Diane Horton,jacquelinekelley@example.org,(959)904-7292,"{""street"": ""76420 Rogers Springs"", ""city"": ""Mooneyfurt"", ""state"": ""Montana"", ""postalCode"": ""09915"", ""country"": ""United States""}",2025-03-31T05:09:43
291,Tammy Davis,dwhite@example.org,459.862.6301x36749,"{""street"": ""33059 Erika Walks"", ""city"": ""South Stephanie"", ""state"": ""Nevada"", ""postalCode"": ""89557"", ""country"": ""United States""}",2026-04-11T17:53:49
292,Victoria Mendoza,bauerherbert@example.com,+1-964-392-1518x2606,"{""street"": ""6475 David Corner"", ""city"": ""South Darlenehaven"", ""state"": ""Iowa"", ""postalCode"": ""03519"", ""country"": ""United States""}",2025-09-24T04:01:34
293,Paul Miller,huntermichael@example.net,(960)434-0848,"{""street"": ""12920 Mcbride Crossing"", ""city"": ""East Baileyburgh"", ""state"": ""Colorado"", ""postalCode"": ""74228"", ""country"": ""United States""}",2025-11-08T08:24:00
294,Cindy Howard,jessicahenderson@example.net,346-626-7146x283,"{""street"": ""585 Hailey Shore Apt. 303"", ""city"": ""West Melissa"", ""state"": ""Indiana"", ""postalCode"": ""18091"", ""country"": ""United States""}",2025-12-21T21:13:03
295,Danielle Nelson,suttonrichard@example.com,+1-315-354-2340x1636,"{""street"": ""598 Robert Drives"", ""city"": ""Victoriachester"", ""state"": ""Missouri"", ""postalCode"": ""03897"", ""country"": ""United States""}",2024-12-31T14:52:42
296,Megan Kramer,iwoods@example.com,7825226940,"{""street"": ""718 Graves Way Suite 849"", ""city"": ""North Georgefurt"", ""state"": ""Idaho"", ""postalCode"": ""45743"", ""country"": ""United States""}",2026-01-25T21:51:23
297,Erik Davis,jonesjohn@example.org,(490)914-8706,"{""street"": ""727 Lindsey Parkway Suite 468"", ""city"": ""West Cynthia"", ""state"": ""Colorado"", ""postalCode"": ""40564"", ""country"": ""United States""}",2025-09-07T18:46:11
298,Jerry Jackson,gregoryrichardson@example.org,650.967.6251x53814,"{""street"": ""0930 Park Summit"", ""city"": ""Johnhaven"", ""state"": ""Utah"", ""postalCode"": ""80349"", ""country"": ""United States""}",2025-04-02T03:05:04
299,Nathan Morales,garciatravis@example.org,782.861.7024x37654,"{""street"": ""09634 Savannah River Suite 050"", ""city"": ""Murphystad"", ""state"": ""Connecticut"", ""postalCode"": ""01176"", ""country"": ""United States""}",2026-07-11T02:41:54
300,Casey Fisher,rachel23@example.com,+1-341-267-8725x68621,"{""street"": ""417 Martin Knoll"", ""city"": ""Smithborough"", ""state"": ""Delaware"", ""postalCode"": ""25347"", ""country"": ""United States""}",2024-11-23T02:07:20
301,Danielle Hernandez,johnwang@example.com,001-536-337-1892x392,"{""street"": ""8030 Jordan Ranch"", ""city"": ""South Timothyport"", ""state"": ""New York"", ""postalCode"": ""11329"", ""country"": ""United States""}",2024-11-27T21:10:51
302,Maria Torres,michael56@example.org,402-600-0534x74916,"{""street"": ""43260 Christopher Center Suite 684"", ""city"": ""East Matthew"", ""state"": ""New Mexico"", ""postalCode"": ""08542"", ""country"": ""United States""}",2025-09-02T17:14:58
303,Stephen Anderson,williamstanya@example.net,937.511.8954,"{""street"": ""4110 Mark Streets Suite 989"", ""city"": ""Johnview"", ""state"": ""Indiana"", ""postalCode"": ""77089"", ""country"": ""United States""}",2025-10-05T13:14:31
304,Carol Hill,keithsosa@example.org,001-836-878-8127x868,"{""street"": ""23684 Jacobson Mission"", ""city"": ""South Carloschester"", ""state"": ""North Dakota"", ""postalCode"": ""66544"", ""country"": ""United States""}",2025-12-01T18:22:45
305,Carolyn Williams,kellybowman@example.com,(740)733-8105,"{""street"": ""20293 Natasha Turnpike Suite 884"", ""city"": ""Melissaport"", ""state"": ""Virginia"", ""postalCode"": ""35695"", ""country"": ""United States""}",2024-10-20T18:49:44
306,Paula Deleon,sharphailey@example.net,998-537-3543x962,"{""street"": ""269 Nguyen Centers Apt. 534"", ""city"": ""West Teresa"", ""state"": ""Ohio"", ""postalCode"": ""86656"", ""country"": ""United States""}",2026-03-06T23:41:17
307,Ruth Mcdaniel,chadjones@example.org,261.282.0916x601,"{""street"": ""2717 Stephen Via Apt. 397"", ""city"": ""Lake Julian"", ""state"": ""Maryland"", ""postalCode"": ""21855"", ""country"": ""United States""}",2024-11-27T19:00:15
308,Mr. Jeremy Martin,timothy30@example.net,001-448-210-0184x186,"{""street"": ""42900 Amy Viaduct"", ""city"": ""Melissaland"", ""state"": ""Illinois"", ""postalCode"": ""18750"", ""country"": ""United States""}",2026-07-26T15:01:58
309,Courtney Huber MD,gilbertdavid@example.org,8924268592,"{""street"": ""36625 Perez Spur"", ""city"": ""Mcdanielville"", ""state"": ""New York"", ""postalCode"": ""22725"", ""country"": ""United States""}",2026-07-11T19:55:34
310,Nathan Floyd,hbriggs@example.net,(742)415-2265x57676,"{""street"": ""451 Hendricks Shore Suite 410"", ""city"": ""Port Diana"", ""state"": ""Massachusetts"", ""postalCode"": ""19870"", ""country"": ""United States""}",2026-05-02T03:59:56
311,Paula Shepherd,jacquelineyoung@example.org,705.487.2105,"{""street"": ""6878 Patel View"", ""city"": ""South Christopher"", ""state"": ""Virginia"", ""postalCode"": ""55792"", ""country"": ""United States""}",2025-04-03T00:33:50
312,Ryan Harrell,thomasdonald@example.org,609-962-2728,"{""street"": ""86333 Julie Crest Apt. 606"", ""city"": ""Brianville"", ""state"": ""Texas"", ""postalCode"": ""76733"", ""country"": ""United States""}",2025-07-02T18:20:36
313,Tamara Shaw,rodneymoore@example.org,962.736.9036x28917,"{""street"": ""0412 Nicole Bypass Apt. 820"", ""city"": ""Wallmouth"", ""state"": ""Oklahoma"", ""postalCode"": ""93746"", ""country"": ""United States""}",2026-01-06T02:13:02
314,Adam Browning,andrealittle@example.org,241.799.0970,"{""street"": ""2056 Joseph Cove Apt. 595"", ""city"": ""East Julianside"", ""state"": ""Connecticut"", ""postalCode"": ""09062"", ""country"": ""United States""}",2024-10-28T12:35:09
315,Brittany Matthews,cwoods@example.com,(727)911-3322,"{""street"": ""54683 Walton Stream Suite 215"", ""city"": ""Mosleyhaven"", ""state"": ""Connecticut"", ""postalCode"": ""66322"", ""country"": ""United States""}",2026-04-19T03:01:41
316,Kathleen Ballard,katiecollins@example.org,317.452.4214x9551,"{""street"": ""4596 Pamela Trail"", ""city"": ""Allenland"", ""state"": ""Georgia"", ""postalCode"": ""74805"", ""country"": ""United States""}",2026-02-20T02:34:41
317,Lori Edwards,flemingwilliam@example.com,+1-309-503-8021x46296,"{""street"": ""7472 Teresa Oval Apt. 546"", ""city"": ""Vincentberg"", ""state"": ""New Hampshire"", ""postalCode"": ""48569"", ""country"": ""United States""}",2025-06-14T16:00:34
318,Grant Munoz,jacquelinealvarez@example.com,208.727.2359x096,"{""street"": ""157 Day Viaduct Suite 112"", ""city"": ""South Kaylaborough"", ""state"": ""Montana"", ""postalCode"": ""43587"", ""country"": ""United States""}",2026-04-22T09:27:26
319,Kelly Caldwell,jack01@example.com,242-535-6778x26596,"{""street"": ""3030 Nelson Roads Apt. 121"", ""city"": ""Richardport"", ""state"": ""Virginia"", ""postalCode"": ""59669"", ""country"": ""United States""}",2024-10-16T13:28:04
320,Virginia Harding,cynthiafowler@example.net,503-736-8296,"{""street"": ""5027 Victor Island"", ""city"": ""Port Tarachester"", ""state"": ""Kentucky"", ""postalCode"": ""68749"", ""country"": ""United States""}",2025-01-27T01:16:31
321,Ronald Simmons,daniel27@example.com,(328)392-8664x649,"{""street"": ""905 Smith Inlet"", ""city"": ""Lake Victormouth"", ""state"": ""Nebraska"", ""postalCode"": ""54291"", ""country"": ""United States""}",2026-05-05T02:48:51
322,Kristen Wilson,wsampson@example.com,(260)253-8444x46306,"{""street"": ""09617 Cynthia Parkway"", ""city"": ""Lake Kellychester"", ""state"": ""Indiana"", ""postalCode"": ""29714"", ""country"": ""United States""}",2024-09-06T12:17:04
323,Sandra Solis,oanderson@example.com,001-826-658-2631x2819,"{""street"": ""8955 Susan Meadows"", ""city"": ""New Teresa"", ""state"": ""Illinois"", ""postalCode"": ""81276"", ""country"": ""United States""}",2026-05-29T12:07:03
324,Allison Gross,xwalters@example.com,(233)643-8364,"{""street"": ""3110 Smith Trail"", ""city"": ""North Christine"", ""state"": ""Ohio"", ""postalCode"": ""10825"", ""country"": ""United States""}",2024-10-20T13:33:27
325,Ryan Durham,peterhenry@example.org,(217)313-6657x22402,"{""street"": ""091 Stephen Ranch"", ""city"": ""North Donaldview"", ""state"": ""Idaho"", ""postalCode"": ""12661"", ""country"": ""United States""}",2025-05-10T09:27:29
326,Daniel Murphy,christopherholt@example.org,847-531-5847x768,"{""street"": ""9980 Aimee Glens Apt. 390"", ""city"": ""New Williamberg"", ""state"": ""Indiana"", ""postalCode"": ""48327"", ""country"": ""United States""}",2025-02-27T09:04:57
327,Rose Dean,kpatterson@example.com,(717)820-8496x498,"{""street"": ""46199 Martin Ford"", ""city"": ""Hamiltonmouth"", ""state"": ""Nevada"", ""postalCode"": ""78663"", ""country"": ""United States""}",2024-09-09T09:07:46
328,Adam Murphy,ubradley@example.org,+1-616-349-3831,"{""street"": ""56253 Jason Landing"", ""city"": ""Dustinmouth"", ""state"": ""Delaware"", ""postalCode"": ""01763"", ""country"": ""United States""}",2025-11-05T22:10:54
329,James Ray,andrew90@example.com,626-608-8050x1716,"{""street"": ""655 James Unions Suite 704"", ""city"": ""Wilsonmouth"", ""state"": ""Hawaii"", ""postalCode"": ""79331"", ""country"": ""United States""}",2025-04-20T11:51:07
330,Shannon Ramsey MD,leerachel@example.com,+1-600-740-1041,"{""street"": ""1857 Phillip Square Suite 715"", ""city"": ""North Jeffreytown"", ""state"": ""Florida"", ""postalCode"": ""14281"", ""country"": ""United States""}",2026-02-02T10:47:46
